hospitalization_id,patient_id,department_id,admission_date,discharge_date,required_staff_types,staff_skills_required,experience_level_required,care_frequency,severity_level,current_status,resource_allocation_id
H1,P153,Surgery,2024-08-06 10:14:54,2024-08-20 07:45:14,2,"['intensive care', 'anesthesia']",4,3,medium,stable,RA445
H2,P191,Surgery,2024-07-20 09:44:41,2024-05-06 07:09:47,4,"['intensive care', 'pediatrics', 'anesthesia', 'general care']",4,1,low,stable,RA60
H3,P195,ICU,2024-04-01 16:01:09,2024-06-19 08:50:05,4,"['pediatrics', 'anesthesia', 'intensive care', 'general care']",3,2,low,stable,RA384
H4,P612,Pediatrics,2024-08-10 00:53:09,2024-06-07 06:26:59,4,"['surgery', 'anesthesia', 'pediatrics', 'intensive care']",4,3,high,stable,RA37
H5,P298,Surgery,2024-01-20 21:55:45,2024-07-28 10:17:59,4,"['anesthesia', 'intensive care', 'pediatrics', 'surgery']",3,2,low,stable,RA343
H6,P902,Emergency,2024-08-10 07:15:02,2024-02-10 16:55:38,1,['intensive care'],3,5,low,critical,RA420
H7,P347,General,2024-01-25 14:55:34,2024-04-18 20:02:32,4,"['intensive care', 'anesthesia', 'general care', 'pediatrics']",5,5,high,stable,RA164
H8,P584,Emergency,2024-01-29 08:17:53,2024-06-27 19:35:16,3,"['intensive care', 'anesthesia', 'general care']",3,1,high,critical,RA411
H9,P89,Pediatrics,2024-06-20 00:11:23,2024-07-09 02:25:26,2,"['anesthesia', 'pediatrics']",5,3,high,critical,RA136
H10,P702,Emergency,2024-08-20 20:44:10,2024-04-25 12:13:52,3,"['anesthesia', 'pediatrics', 'intensive care']",4,3,low,stable,RA312
H11,P753,General,2024-03-20 08:49:17,2024-04-14 17:54:55,4,"['intensive care', 'general care', 'pediatrics', 'surgery']",3,4,medium,stable,RA399
H12,P561,Surgery,2024-02-17 18:02:09,2024-07-10 17:04:58,2,"['pediatrics', 'general care']",3,5,medium,stable,RA43
H13,P762,Surgery,2024-04-07 12:14:47,2024-05-08 05:05:39,4,"['surgery', 'anesthesia', 'intensive care', 'general care']",4,2,medium,stable,RA295
H14,P364,General,2024-06-15 01:32:10,2024-06-12 00:03:22,1,['general care'],4,6,low,critical,RA356
H15,P345,General,2024-03-29 08:19:56,2024-08-16 12:00:08,1,['general care'],3,6,low,critical,RA272
H16,P888,ICU,2024-06-06 15:49:16,2024-05-20 03:12:21,2,"['pediatrics', 'general care']",4,3,high,critical,RA88
H17,P703,ICU,2024-06-15 15:21:32,2024-08-27 16:46:39,2,"['general care', 'anesthesia']",4,3,low,critical,RA377
H18,P372,Emergency,2024-02-17 04:02:05,2024-01-05 02:06:57,4,"['anesthesia', 'surgery', 'pediatrics', 'general care']",5,3,high,stable,RA83
H19,P527,ICU,2024-05-17 19:32:20,2024-07-15 03:09:42,2,"['anesthesia', 'intensive care']",3,3,medium,stable,RA213
H20,P156,Pediatrics,2024-03-06 20:14:45,2024-03-27 19:55:12,2,"['general care', 'anesthesia']",4,6,medium,stable,RA444
H21,P989,Surgery,2024-03-12 06:50:57,2024-08-12 05:41:24,4,"['pediatrics', 'intensive care', 'surgery', 'general care']",3,2,medium,stable,RA105
H22,P550,Emergency,2024-01-24 02:16:20,2024-06-11 03:20:50,3,"['intensive care', 'general care', 'anesthesia']",3,3,high,critical,RA13
H23,P888,General,2024-05-11 13:42:26,2024-08-05 09:06:58,2,"['general care', 'anesthesia']",4,5,medium,critical,RA218
H24,P228,Surgery,2024-07-23 19:26:31,2024-02-16 08:32:43,4,"['surgery', 'intensive care', 'general care', 'pediatrics']",5,5,high,critical,RA112
H25,P634,Emergency,2024-01-28 04:09:47,2024-04-09 21:01:07,3,"['surgery', 'intensive care', 'pediatrics']",5,1,high,critical,RA113
H26,P183,ICU,2024-05-29 04:21:31,2024-05-21 14:54:13,4,"['pediatrics', 'anesthesia', 'intensive care', 'surgery']",4,1,low,stable,RA48
H27,P616,General,2024-08-02 01:19:10,2024-01-17 08:11:16,3,"['intensive care', 'anesthesia', 'surgery']",3,1,high,stable,RA68
H28,P131,Pediatrics,2024-03-26 10:08:15,2024-03-11 23:02:04,4,"['surgery', 'general care', 'intensive care', 'pediatrics']",4,6,high,critical,RA402
H29,P239,General,2024-01-02 04:34:11,2024-04-09 21:19:12,2,"['intensive care', 'general care']",3,2,medium,critical,RA394
H30,P883,Pediatrics,2024-07-03 14:42:42,2024-05-14 06:16:38,4,"['intensive care', 'general care', 'anesthesia', 'pediatrics']",3,1,medium,critical,RA240
H31,P489,Emergency,2024-01-19 06:44:19,2024-06-22 13:04:31,3,"['surgery', 'anesthesia', 'intensive care']",3,6,medium,stable,RA270
H32,P164,Emergency,2024-01-19 18:45:05,2024-03-30 10:32:37,3,"['pediatrics', 'intensive care', 'anesthesia']",3,1,low,stable,RA250
H33,P814,Pediatrics,2024-03-19 03:30:24,2024-05-07 13:07:58,4,"['pediatrics', 'surgery', 'anesthesia', 'intensive care']",4,5,low,stable,RA302
H34,P96,Emergency,2024-06-23 14:24:30,2024-02-28 09:52:56,1,['surgery'],4,3,low,critical,RA72
H35,P916,ICU,2024-02-23 11:09:08,2024-05-24 02:38:34,1,['pediatrics'],4,4,high,stable,RA350
H36,P90,General,2024-07-27 14:15:13,2024-03-31 21:37:57,1,['anesthesia'],4,4,low,stable,RA412
H37,P732,Surgery,2024-05-28 19:02:40,2024-01-06 03:18:54,2,"['pediatrics', 'intensive care']",4,5,medium,critical,RA289
H38,P822,Pediatrics,2024-07-27 23:12:19,2024-04-18 05:41:09,1,['pediatrics'],3,4,high,stable,RA287
H39,P541,Surgery,2024-01-20 18:22:52,2024-02-11 13:25:12,4,"['general care', 'anesthesia', 'surgery', 'intensive care']",4,6,medium,stable,RA377
H40,P286,Emergency,2024-06-06 12:19:58,2024-08-25 02:31:30,2,"['surgery', 'intensive care']",4,1,low,critical,RA306
H41,P713,General,2024-05-19 01:12:13,2024-06-04 06:17:17,3,"['general care', 'pediatrics', 'surgery']",3,3,low,critical,RA205
H42,P152,Emergency,2024-05-26 04:30:32,2024-06-16 20:09:47,3,"['general care', 'surgery', 'pediatrics']",3,5,low,critical,RA285
H43,P220,General,2024-05-12 14:17:53,2024-07-03 15:03:22,2,"['surgery', 'pediatrics']",4,1,medium,stable,RA377
H44,P596,Emergency,2024-04-23 09:23:36,2024-04-13 19:54:16,1,['pediatrics'],3,2,medium,critical,RA256
H45,P315,Pediatrics,2024-03-31 11:33:15,2024-05-16 16:56:07,3,"['anesthesia', 'surgery', 'general care']",4,5,low,critical,RA287
H46,P96,Emergency,2024-02-29 14:35:53,2024-03-15 22:08:57,3,"['pediatrics', 'surgery', 'anesthesia']",5,6,high,critical,RA224
H47,P88,Pediatrics,2024-03-19 20:20:06,2024-01-06 07:55:49,4,"['pediatrics', 'general care', 'anesthesia', 'surgery']",4,4,medium,stable,RA269
H48,P281,Pediatrics,2024-02-22 09:24:12,2024-02-22 09:43:22,3,"['surgery', 'general care', 'pediatrics']",4,3,low,stable,RA371
H49,P861,Surgery,2024-01-24 11:44:57,2024-02-03 15:56:22,1,['surgery'],4,3,medium,critical,RA227
H50,P200,ICU,2024-06-28 16:14:35,2024-08-10 11:31:42,3,"['general care', 'anesthesia', 'intensive care']",4,2,low,stable,RA325
H51,P788,ICU,2024-02-05 10:23:03,2024-07-31 18:24:26,4,"['surgery', 'general care', 'pediatrics', 'intensive care']",3,3,low,critical,RA329
H52,P424,Emergency,2024-06-07 04:11:19,2024-08-13 13:25:14,2,"['surgery', 'anesthesia']",3,5,low,critical,RA428
H53,P683,Pediatrics,2024-05-16 22:06:01,2024-04-03 23:28:32,2,"['general care', 'intensive care']",4,1,medium,critical,RA173
H54,P256,Pediatrics,2024-08-05 11:38:32,2024-03-24 10:43:06,3,"['general care', 'anesthesia', 'pediatrics']",5,5,high,stable,RA100
H55,P309,Pediatrics,2024-08-06 18:56:02,2024-02-13 03:02:56,3,"['general care', 'surgery', 'intensive care']",4,1,high,critical,RA66
H56,P646,ICU,2024-08-07 21:20:16,2024-05-18 16:47:14,2,"['surgery', 'intensive care']",4,2,low,critical,RA84
H57,P907,General,2024-04-02 23:58:57,2024-05-17 06:48:22,1,['intensive care'],3,2,low,stable,RA468
H58,P371,Emergency,2024-04-17 13:36:14,2024-05-30 10:49:08,4,"['pediatrics', 'general care', 'surgery', 'anesthesia']",3,1,low,critical,RA489
H59,P563,Pediatrics,2024-04-08 06:33:11,2024-04-10 03:48:47,1,['general care'],4,1,medium,critical,RA384
H60,P30,ICU,2024-04-28 17:41:03,2024-08-19 07:19:45,2,"['pediatrics', 'anesthesia']",3,1,medium,critical,RA8
H61,P756,ICU,2024-08-10 13:44:47,2024-07-30 05:05:23,3,"['pediatrics', 'general care', 'anesthesia']",3,6,low,critical,RA449
H62,P701,ICU,2024-08-23 11:25:21,2024-04-29 11:02:10,4,"['intensive care', 'surgery', 'pediatrics', 'general care']",3,1,medium,critical,RA161
H63,P451,Pediatrics,2024-06-02 12:55:42,2024-04-14 17:08:11,4,"['pediatrics', 'surgery', 'intensive care', 'anesthesia']",4,5,low,critical,RA216
H64,P362,Emergency,2024-08-10 06:03:55,2024-04-06 22:09:02,3,"['anesthesia', 'general care', 'intensive care']",5,5,high,critical,RA175
H65,P192,Surgery,2024-05-02 20:21:00,2024-05-01 14:15:42,3,"['pediatrics', 'surgery', 'general care']",4,2,high,critical,RA490
H66,P763,Pediatrics,2024-07-02 14:21:33,2024-01-02 23:26:38,4,"['intensive care', 'pediatrics', 'general care', 'surgery']",3,6,high,stable,RA64
H67,P802,General,2024-04-08 23:59:19,2024-06-02 18:51:39,4,"['pediatrics', 'anesthesia', 'intensive care', 'surgery']",4,4,high,critical,RA194
H68,P516,Pediatrics,2024-04-11 13:59:05,2024-06-17 11:34:32,2,"['anesthesia', 'general care']",4,5,low,stable,RA49
H69,P748,Surgery,2024-06-03 03:52:57,2024-08-06 23:56:30,2,"['pediatrics', 'anesthesia']",4,6,low,critical,RA288
H70,P956,General,2024-04-14 21:03:40,2024-06-16 04:56:09,1,['pediatrics'],3,1,medium,critical,RA90
H71,P234,General,2024-01-19 22:22:32,2024-08-23 21:27:01,1,['surgery'],4,6,medium,critical,RA367
H72,P478,Emergency,2024-04-27 20:23:45,2024-06-08 07:53:21,3,"['general care', 'intensive care', 'anesthesia']",3,4,medium,stable,RA206
H73,P18,Pediatrics,2024-02-17 10:16:40,2024-02-11 05:46:32,2,"['surgery', 'general care']",4,5,high,stable,RA87
H74,P812,Emergency,2024-07-20 05:56:04,2024-01-13 19:26:11,3,"['anesthesia', 'surgery', 'pediatrics']",3,2,high,stable,RA128
H75,P120,Emergency,2024-02-23 19:59:23,2024-08-23 21:44:06,2,"['pediatrics', 'intensive care']",5,4,high,critical,RA456
H76,P291,Pediatrics,2024-07-04 14:05:40,2024-02-23 09:56:33,4,"['intensive care', 'surgery', 'anesthesia', 'general care']",4,4,medium,critical,RA6
H77,P463,Surgery,2024-03-25 07:56:50,2024-03-23 07:23:27,1,['pediatrics'],3,2,low,stable,RA445
H78,P11,Emergency,2024-07-18 15:05:30,2024-01-21 06:16:23,1,['general care'],3,2,medium,critical,RA164
H79,P331,Surgery,2024-01-15 00:03:58,2024-03-18 17:38:21,4,"['anesthesia', 'surgery', 'intensive care', 'general care']",4,1,high,stable,RA384
H80,P837,Emergency,2024-05-14 03:56:56,2024-05-13 12:16:04,1,['anesthesia'],5,4,high,critical,RA165
H81,P278,Surgery,2024-01-23 22:06:01,2024-03-06 10:50:59,4,"['intensive care', 'surgery', 'pediatrics', 'anesthesia']",3,3,medium,critical,RA137
H82,P776,Emergency,2024-06-16 15:58:51,2024-01-14 00:50:48,2,"['pediatrics', 'surgery']",4,2,medium,stable,RA438
H83,P486,Emergency,2024-05-11 00:38:59,2024-05-26 21:57:27,3,"['pediatrics', 'anesthesia', 'surgery']",5,3,high,stable,RA183
H84,P855,General,2024-07-31 15:40:50,2024-06-02 10:03:50,3,"['general care', 'anesthesia', 'pediatrics']",3,4,high,critical,RA125
H85,P816,Pediatrics,2024-04-23 03:42:34,2024-03-05 03:04:52,2,"['intensive care', 'general care']",3,4,medium,critical,RA201
H86,P514,ICU,2024-06-16 06:38:37,2024-03-13 09:05:43,4,"['surgery', 'pediatrics', 'intensive care', 'general care']",3,5,low,critical,RA333
H87,P821,Surgery,2024-01-10 02:51:57,2024-05-14 16:20:52,1,['anesthesia'],4,2,low,critical,RA194
H88,P239,Pediatrics,2024-03-30 15:55:05,2024-02-13 05:55:47,3,"['general care', 'anesthesia', 'pediatrics']",3,1,medium,stable,RA333
H89,P330,Pediatrics,2024-06-05 16:29:48,2024-08-23 18:05:58,4,"['pediatrics', 'surgery', 'general care', 'intensive care']",3,4,medium,stable,RA405
H90,P668,Pediatrics,2024-07-12 02:17:23,2024-03-11 00:06:59,4,"['general care', 'surgery', 'intensive care', 'anesthesia']",3,3,high,stable,RA250
H91,P116,Surgery,2024-08-18 22:31:20,2024-08-27 00:37:05,2,"['pediatrics', 'surgery']",3,1,high,stable,RA47
H92,P252,Surgery,2024-01-03 00:49:39,2024-02-14 20:21:55,3,"['general care', 'pediatrics', 'intensive care']",5,4,high,critical,RA117
H93,P791,Pediatrics,2024-01-06 02:37:06,2024-03-17 00:17:42,2,"['anesthesia', 'surgery']",4,5,low,critical,RA316
H94,P611,Surgery,2024-03-02 13:46:30,2024-05-30 02:04:46,4,"['pediatrics', 'surgery', 'anesthesia', 'general care']",3,1,medium,critical,RA132
H95,P360,Pediatrics,2024-07-06 05:48:50,2024-06-19 14:12:25,4,"['intensive care', 'general care', 'pediatrics', 'anesthesia']",5,1,high,stable,RA279
H96,P317,General,2024-06-16 12:39:02,2024-05-30 13:20:49,2,"['intensive care', 'general care']",3,2,medium,stable,RA336
H97,P189,Pediatrics,2024-04-06 06:07:04,2024-08-12 09:26:33,1,['pediatrics'],3,6,low,stable,RA231
H98,P361,Pediatrics,2024-06-21 10:15:18,2024-08-24 09:51:56,3,"['intensive care', 'pediatrics', 'surgery']",3,6,low,critical,RA314
H99,P204,Emergency,2024-02-24 15:04:51,2024-01-07 13:34:30,4,"['anesthesia', 'general care', 'surgery', 'intensive care']",3,4,low,critical,RA451
H100,P21,Pediatrics,2024-06-23 17:29:46,2024-03-28 22:59:53,1,['anesthesia'],4,4,high,stable,RA158
H101,P562,Emergency,2024-02-20 14:34:13,2024-04-08 23:09:35,3,"['general care', 'pediatrics', 'surgery']",3,1,high,critical,RA78
H102,P616,Emergency,2024-03-13 00:19:27,2024-03-30 08:25:16,4,"['pediatrics', 'general care', 'anesthesia', 'intensive care']",5,6,high,critical,RA318
H103,P909,Surgery,2024-06-06 09:53:54,2024-06-29 05:37:16,4,"['anesthesia', 'intensive care', 'surgery', 'pediatrics']",3,2,low,critical,RA342
H104,P951,Pediatrics,2024-08-14 08:36:24,2024-03-24 06:41:01,4,"['general care', 'pediatrics', 'surgery', 'anesthesia']",4,3,medium,stable,RA190
H105,P639,Emergency,2024-07-02 15:32:39,2024-06-12 04:21:58,2,"['anesthesia', 'pediatrics']",4,5,high,critical,RA342
H106,P921,Pediatrics,2024-03-24 19:28:17,2024-03-08 17:46:24,1,['general care'],4,3,low,critical,RA326
H107,P563,Pediatrics,2024-04-08 19:13:38,2024-02-16 15:49:31,1,['intensive care'],4,6,high,critical,RA269
H108,P753,Surgery,2024-01-06 00:44:17,2024-06-23 06:56:28,4,"['pediatrics', 'anesthesia', 'general care', 'intensive care']",4,4,medium,stable,RA496
H109,P884,Pediatrics,2024-05-11 23:14:41,2024-08-20 09:06:25,4,"['general care', 'intensive care', 'anesthesia', 'pediatrics']",4,6,high,critical,RA472
H110,P247,Pediatrics,2024-03-16 22:45:10,2024-03-09 07:08:53,1,['intensive care'],5,5,high,stable,RA33
H111,P272,Surgery,2024-05-17 20:52:12,2024-01-29 08:48:09,4,"['anesthesia', 'general care', 'surgery', 'intensive care']",4,6,low,stable,RA392
H112,P892,Surgery,2024-07-14 14:14:57,2024-06-18 14:25:21,1,['pediatrics'],4,3,low,critical,RA256
H113,P366,ICU,2024-05-04 18:06:32,2024-01-10 03:38:09,2,"['pediatrics', 'anesthesia']",4,1,low,critical,RA149
H114,P454,Emergency,2024-05-22 17:10:33,2024-04-08 04:37:48,1,['general care'],4,1,low,critical,RA415
H115,P236,General,2024-02-05 08:55:39,2024-04-27 13:57:26,2,"['anesthesia', 'general care']",5,6,high,stable,RA283
H116,P365,General,2024-08-12 21:41:25,2024-08-13 02:32:37,3,"['anesthesia', 'pediatrics', 'general care']",4,3,low,stable,RA262
H117,P304,Pediatrics,2024-02-14 03:44:30,2024-02-16 06:33:04,1,['pediatrics'],5,2,high,stable,RA107
H118,P622,Pediatrics,2024-08-15 13:23:47,2024-01-26 08:38:56,1,['anesthesia'],4,2,medium,critical,RA444
H119,P520,Pediatrics,2024-04-07 13:36:45,2024-07-18 23:10:45,2,"['surgery', 'anesthesia']",3,6,medium,critical,RA265
H120,P220,General,2024-07-14 04:32:34,2024-04-23 08:57:29,2,"['surgery', 'anesthesia']",4,5,low,critical,RA272
H121,P895,ICU,2024-02-23 08:26:03,2024-04-28 12:12:07,2,"['general care', 'intensive care']",5,4,high,stable,RA421
H122,P877,Emergency,2024-01-11 10:09:36,2024-07-02 09:29:08,3,"['anesthesia', 'intensive care', 'pediatrics']",3,4,low,critical,RA236
H123,P62,Emergency,2024-03-07 19:09:59,2024-07-23 11:50:20,2,"['pediatrics', 'general care']",4,6,medium,critical,RA55
H124,P1000,General,2024-06-25 11:42:33,2024-03-23 06:33:20,4,"['anesthesia', 'intensive care', 'general care', 'pediatrics']",4,3,high,critical,RA460
H125,P290,General,2024-07-17 13:06:21,2024-05-15 03:26:42,4,"['anesthesia', 'surgery', 'pediatrics', 'intensive care']",3,2,low,stable,RA458
H126,P798,ICU,2024-03-20 17:09:02,2024-02-12 01:52:40,4,"['intensive care', 'general care', 'surgery', 'pediatrics']",3,1,low,critical,RA154
H127,P258,Pediatrics,2024-02-14 00:00:47,2024-02-12 02:52:57,1,['anesthesia'],5,2,high,critical,RA211
H128,P146,General,2024-04-19 21:16:55,2024-06-23 02:46:47,1,['anesthesia'],5,4,high,critical,RA383
H129,P387,ICU,2024-01-25 12:53:41,2024-04-28 18:10:09,3,"['pediatrics', 'anesthesia', 'general care']",3,1,medium,stable,RA275
H130,P537,ICU,2024-08-27 10:23:59,2024-01-02 00:35:22,4,"['surgery', 'anesthesia', 'intensive care', 'pediatrics']",3,5,high,stable,RA32
H131,P218,Pediatrics,2024-02-27 05:12:41,2024-02-01 13:32:07,3,"['anesthesia', 'surgery', 'intensive care']",3,6,high,stable,RA95
H132,P453,Emergency,2024-04-09 07:06:19,2024-01-20 23:31:03,4,"['pediatrics', 'general care', 'intensive care', 'anesthesia']",4,3,low,critical,RA332
H133,P801,General,2024-05-03 05:30:08,2024-08-16 19:49:47,2,"['pediatrics', 'intensive care']",5,1,high,stable,RA295
H134,P602,Surgery,2024-07-10 02:33:32,2024-04-15 03:21:47,2,"['surgery', 'intensive care']",3,2,medium,stable,RA286
H135,P8,ICU,2024-08-07 23:26:52,2024-05-18 10:54:37,4,"['anesthesia', 'intensive care', 'pediatrics', 'general care']",4,1,high,critical,RA426
H136,P846,Surgery,2024-05-31 08:53:11,2024-01-07 09:03:16,3,"['general care', 'anesthesia', 'surgery']",4,1,high,critical,RA221
H137,P189,General,2024-04-17 09:09:50,2024-06-25 01:21:37,4,"['anesthesia', 'pediatrics', 'general care', 'intensive care']",4,3,low,stable,RA459
H138,P872,Pediatrics,2024-05-11 08:45:19,2024-04-15 23:20:37,2,"['anesthesia', 'surgery']",3,5,medium,critical,RA322
H139,P50,Pediatrics,2024-07-23 14:24:51,2024-03-21 09:23:39,3,"['general care', 'anesthesia', 'intensive care']",4,1,low,critical,RA33
H140,P218,General,2024-07-04 12:00:27,2024-06-27 03:16:24,1,['intensive care'],3,6,high,stable,RA187
H141,P800,Pediatrics,2024-07-04 01:57:00,2024-02-04 23:22:00,2,"['anesthesia', 'pediatrics']",4,1,low,critical,RA380
H142,P186,Surgery,2024-04-28 15:42:30,2024-07-18 12:32:55,2,"['anesthesia', 'general care']",4,3,medium,stable,RA98
H143,P175,Surgery,2024-04-30 08:36:26,2024-06-24 05:59:39,1,['intensive care'],4,2,low,stable,RA134
H144,P320,Surgery,2024-08-02 11:57:40,2024-06-01 07:06:55,3,"['general care', 'surgery', 'pediatrics']",4,2,medium,critical,RA177
H145,P489,Emergency,2024-03-09 09:49:44,2024-02-19 06:08:37,1,['general care'],4,2,medium,stable,RA137
H146,P498,Emergency,2024-02-24 06:53:22,2024-05-25 02:54:09,4,"['intensive care', 'general care', 'surgery', 'anesthesia']",4,3,high,stable,RA96
H147,P860,Emergency,2024-07-22 12:10:20,2024-07-26 18:53:30,3,"['intensive care', 'general care', 'surgery']",5,4,high,stable,RA11
H148,P445,Pediatrics,2024-02-25 23:35:13,2024-01-20 22:44:10,3,"['surgery', 'pediatrics', 'general care']",3,6,low,stable,RA151
H149,P703,General,2024-01-26 19:02:34,2024-02-17 02:33:07,2,"['anesthesia', 'intensive care']",3,6,low,critical,RA127
H150,P323,General,2024-08-11 13:52:57,2024-04-11 10:48:55,4,"['surgery', 'general care', 'pediatrics', 'intensive care']",4,2,low,critical,RA398
H151,P598,Surgery,2024-02-17 11:25:05,2024-01-08 03:12:46,2,"['general care', 'anesthesia']",5,4,high,critical,RA398
H152,P687,Emergency,2024-02-04 20:41:10,2024-02-20 16:05:38,2,"['pediatrics', 'general care']",3,6,medium,stable,RA218
H153,P365,ICU,2024-01-20 23:23:48,2024-05-27 12:19:38,4,"['general care', 'surgery', 'intensive care', 'pediatrics']",4,3,high,critical,RA207
H154,P468,Pediatrics,2024-04-15 04:43:23,2024-07-15 06:09:11,1,['intensive care'],4,1,high,stable,RA285
H155,P4,General,2024-03-28 18:30:22,2024-06-16 15:09:11,3,"['intensive care', 'general care', 'anesthesia']",5,6,high,critical,RA489
H156,P299,ICU,2024-03-20 15:21:50,2024-05-18 16:48:10,4,"['surgery', 'pediatrics', 'general care', 'intensive care']",3,1,medium,stable,RA406
H157,P754,Pediatrics,2024-03-22 07:24:48,2024-07-03 07:17:45,2,"['anesthesia', 'general care']",3,4,low,critical,RA110
H158,P704,Surgery,2024-07-26 23:13:42,2024-02-20 22:48:55,3,"['pediatrics', 'intensive care', 'surgery']",4,6,low,critical,RA129
H159,P80,ICU,2024-04-09 18:17:07,2024-04-06 05:42:37,4,"['pediatrics', 'surgery', 'anesthesia', 'intensive care']",4,6,high,stable,RA281
H160,P407,Surgery,2024-07-12 21:46:48,2024-02-09 12:42:55,3,"['anesthesia', 'intensive care', 'pediatrics']",3,5,high,stable,RA425
H161,P414,ICU,2024-01-10 16:30:12,2024-06-09 09:55:52,3,"['general care', 'intensive care', 'pediatrics']",3,2,high,critical,RA117
H162,P633,Surgery,2024-04-05 09:10:26,2024-04-11 05:46:37,2,"['general care', 'surgery']",4,2,medium,stable,RA391
H163,P53,General,2024-06-25 10:19:19,2024-03-19 05:30:38,2,"['surgery', 'general care']",4,1,high,stable,RA140
H164,P426,Emergency,2024-01-05 10:47:39,2024-02-26 00:46:17,4,"['anesthesia', 'surgery', 'pediatrics', 'intensive care']",4,2,low,critical,RA215
H165,P442,ICU,2024-08-01 08:51:55,2024-01-10 01:57:34,3,"['pediatrics', 'general care', 'anesthesia']",4,4,low,critical,RA13
H166,P149,Emergency,2024-01-02 22:53:36,2024-02-21 08:05:02,4,"['pediatrics', 'intensive care', 'anesthesia', 'surgery']",4,4,low,critical,RA80
H167,P5,Surgery,2024-04-23 07:34:42,2024-03-28 07:20:59,1,['pediatrics'],4,1,high,critical,RA196
H168,P326,ICU,2024-02-08 15:31:44,2024-06-18 01:34:08,3,"['surgery', 'pediatrics', 'anesthesia']",4,6,low,critical,RA241
H169,P518,ICU,2024-06-23 01:56:14,2024-08-14 13:41:11,4,"['general care', 'surgery', 'pediatrics', 'intensive care']",4,4,medium,stable,RA14
H170,P129,Surgery,2024-02-27 02:59:40,2024-05-26 13:25:09,4,"['anesthesia', 'general care', 'pediatrics', 'surgery']",3,3,low,critical,RA180
H171,P586,Emergency,2024-01-21 05:02:19,2024-04-05 22:14:28,4,"['general care', 'surgery', 'intensive care', 'anesthesia']",4,2,low,critical,RA297
H172,P150,Emergency,2024-04-09 21:48:21,2024-02-25 03:13:20,4,"['anesthesia', 'general care', 'pediatrics', 'surgery']",3,6,medium,stable,RA142
H173,P851,Emergency,2024-05-14 20:38:11,2024-07-26 21:23:23,4,"['general care', 'surgery', 'anesthesia', 'intensive care']",4,1,medium,critical,RA47
H174,P875,Pediatrics,2024-04-07 22:26:35,2024-06-24 16:06:53,1,['pediatrics'],3,4,medium,critical,RA94
H175,P553,Pediatrics,2024-08-02 06:36:52,2024-03-30 07:06:35,3,"['pediatrics', 'intensive care', 'general care']",5,1,high,stable,RA315
H176,P183,Pediatrics,2024-02-26 02:35:46,2024-03-14 21:04:20,4,"['pediatrics', 'surgery', 'intensive care', 'general care']",5,4,high,stable,RA248
H177,P716,Surgery,2024-04-15 23:20:53,2024-04-10 17:01:19,1,['pediatrics'],4,6,medium,critical,RA355
H178,P652,Pediatrics,2024-03-08 23:37:44,2024-01-25 16:18:33,4,"['anesthesia', 'general care', 'intensive care', 'surgery']",4,3,high,stable,RA172
H179,P567,General,2024-06-23 19:35:32,2024-05-23 09:15:19,2,"['intensive care', 'general care']",3,2,low,stable,RA384
H180,P492,Emergency,2024-03-09 01:47:20,2024-07-25 19:46:34,3,"['anesthesia', 'pediatrics', 'general care']",3,5,medium,critical,RA309
H181,P606,Pediatrics,2024-03-05 20:20:33,2024-03-02 20:57:01,2,"['pediatrics', 'anesthesia']",5,5,high,stable,RA240
H182,P53,Pediatrics,2024-03-24 12:58:33,2024-07-12 14:12:22,1,['surgery'],3,6,high,critical,RA51
H183,P320,ICU,2024-04-30 05:08:25,2024-05-18 19:38:53,4,"['intensive care', 'anesthesia', 'surgery', 'general care']",4,3,medium,critical,RA291
H184,P195,ICU,2024-06-20 22:55:33,2024-07-09 17:17:14,4,"['anesthesia', 'surgery', 'intensive care', 'general care']",4,6,medium,stable,RA47
H185,P73,Surgery,2024-03-29 10:03:26,2024-01-19 14:54:31,1,['anesthesia'],3,4,low,stable,RA121
H186,P649,ICU,2024-03-03 03:07:15,2024-03-17 09:28:41,1,['intensive care'],3,1,medium,stable,RA103
H187,P627,General,2024-03-20 13:36:22,2024-06-21 19:37:13,4,"['anesthesia', 'pediatrics', 'surgery', 'intensive care']",5,5,high,stable,RA60
H188,P285,Surgery,2024-02-14 15:29:00,2024-07-25 17:26:42,4,"['surgery', 'intensive care', 'pediatrics', 'anesthesia']",3,4,medium,critical,RA499
H189,P824,Surgery,2024-02-13 03:31:31,2024-02-10 00:47:59,1,['pediatrics'],4,4,medium,stable,RA486
H190,P537,General,2024-01-28 18:23:26,2024-04-20 23:55:04,1,['anesthesia'],3,1,high,stable,RA40
H191,P330,Emergency,2024-01-12 18:22:33,2024-04-28 01:47:18,3,"['anesthesia', 'intensive care', 'pediatrics']",4,1,high,stable,RA130
H192,P972,ICU,2024-06-25 13:19:28,2024-03-02 09:20:02,2,"['intensive care', 'anesthesia']",3,4,low,stable,RA358
H193,P176,Emergency,2024-06-07 23:58:00,2024-03-03 02:02:05,2,"['intensive care', 'general care']",4,5,medium,stable,RA414
H194,P14,Emergency,2024-08-01 23:39:20,2024-08-08 00:59:09,3,"['surgery', 'intensive care', 'anesthesia']",3,4,medium,stable,RA120
H195,P905,Emergency,2024-02-24 15:41:34,2024-06-20 03:53:11,4,"['general care', 'intensive care', 'surgery', 'pediatrics']",3,5,low,critical,RA469
H196,P384,Pediatrics,2024-02-23 07:14:44,2024-06-16 08:13:32,4,"['intensive care', 'anesthesia', 'surgery', 'pediatrics']",3,4,medium,critical,RA466
H197,P378,ICU,2024-06-30 05:22:28,2024-07-27 00:02:36,1,['general care'],3,6,low,stable,RA475
H198,P450,Surgery,2024-03-07 04:56:37,2024-05-10 10:05:51,4,"['general care', 'surgery', 'anesthesia', 'pediatrics']",5,3,high,stable,RA348
H199,P570,ICU,2024-04-28 09:27:56,2024-08-16 17:17:08,3,"['general care', 'intensive care', 'pediatrics']",4,4,high,stable,RA403
H200,P754,Pediatrics,2024-05-09 12:22:37,2024-08-18 17:09:04,2,"['intensive care', 'anesthesia']",3,5,high,stable,RA73
H201,P688,Surgery,2024-06-29 14:45:43,2024-03-26 13:58:41,2,"['pediatrics', 'anesthesia']",3,2,low,critical,RA277
H202,P413,Pediatrics,2024-04-16 23:39:56,2024-01-06 06:00:07,2,"['intensive care', 'anesthesia']",4,5,medium,critical,RA387
H203,P113,Surgery,2024-07-18 21:17:33,2024-07-26 07:58:40,4,"['anesthesia', 'pediatrics', 'surgery', 'intensive care']",3,4,low,critical,RA416
H204,P730,General,2024-08-02 15:56:30,2024-06-16 21:54:03,1,['pediatrics'],4,6,low,stable,RA134
H205,P108,Pediatrics,2024-01-31 15:25:49,2024-01-07 21:09:26,3,"['general care', 'intensive care', 'surgery']",4,5,medium,critical,RA367
H206,P747,Pediatrics,2024-08-21 08:34:30,2024-03-10 02:20:37,4,"['pediatrics', 'anesthesia', 'general care', 'surgery']",4,4,low,stable,RA295
H207,P169,Emergency,2024-04-25 01:00:25,2024-03-16 08:35:56,3,"['pediatrics', 'intensive care', 'general care']",4,3,high,stable,RA131
H208,P382,Pediatrics,2024-02-12 07:20:50,2024-06-24 21:02:18,2,"['surgery', 'pediatrics']",3,4,medium,critical,RA410
H209,P296,Emergency,2024-03-29 20:06:48,2024-07-13 11:14:16,3,"['surgery', 'intensive care', 'anesthesia']",3,4,medium,stable,RA366
H210,P611,Pediatrics,2024-02-26 23:41:07,2024-07-02 18:49:40,1,['surgery'],3,3,medium,critical,RA65
H211,P63,Emergency,2024-06-29 03:29:17,2024-01-13 06:52:36,2,"['pediatrics', 'surgery']",3,4,medium,critical,RA393
H212,P291,Surgery,2024-02-17 09:22:07,2024-04-25 19:21:56,3,"['pediatrics', 'surgery', 'intensive care']",5,3,high,critical,RA399
H213,P555,Surgery,2024-07-09 02:42:55,2024-02-26 04:11:17,4,"['general care', 'surgery', 'intensive care', 'anesthesia']",4,5,low,critical,RA231
H214,P402,ICU,2024-06-14 13:24:40,2024-03-07 02:26:04,2,"['intensive care', 'pediatrics']",4,2,low,critical,RA297
H215,P249,General,2024-02-17 15:58:54,2024-05-13 14:56:20,4,"['anesthesia', 'pediatrics', 'surgery', 'intensive care']",4,4,medium,stable,RA349
H216,P878,General,2024-04-19 06:33:16,2024-01-06 05:44:02,2,"['general care', 'surgery']",4,1,low,stable,RA34
H217,P31,Surgery,2024-03-03 12:01:19,2024-07-04 23:42:26,3,"['surgery', 'pediatrics', 'anesthesia']",4,5,medium,critical,RA13
H218,P617,Surgery,2024-07-02 12:40:38,2024-04-10 12:47:22,4,"['anesthesia', 'intensive care', 'surgery', 'general care']",3,1,medium,stable,RA303
H219,P976,General,2024-06-08 05:21:40,2024-05-27 05:58:21,3,"['surgery', 'general care', 'pediatrics']",3,5,medium,critical,RA98
H220,P265,Emergency,2024-07-23 12:17:00,2024-01-11 06:35:43,1,['pediatrics'],3,2,high,critical,RA244
H221,P741,Emergency,2024-07-01 21:42:49,2024-03-01 00:25:04,3,"['anesthesia', 'intensive care', 'general care']",4,3,low,stable,RA483
H222,P83,Surgery,2024-03-27 03:30:02,2024-04-10 14:13:30,1,['general care'],3,2,medium,critical,RA332
H223,P217,Surgery,2024-03-23 22:45:21,2024-08-21 17:00:33,2,"['anesthesia', 'pediatrics']",4,5,low,critical,RA487
H224,P401,General,2024-05-23 14:36:23,2024-03-04 19:38:31,2,"['general care', 'surgery']",5,4,high,critical,RA438
H225,P815,Pediatrics,2024-08-20 07:25:26,2024-04-13 05:32:58,4,"['anesthesia', 'pediatrics', 'intensive care', 'surgery']",4,3,low,critical,RA330
H226,P542,General,2024-02-15 21:46:41,2024-02-11 04:06:42,2,"['general care', 'intensive care']",3,4,medium,stable,RA95
H227,P27,Emergency,2024-05-22 22:56:54,2024-03-09 17:11:43,2,"['intensive care', 'pediatrics']",3,3,low,stable,RA223
H228,P426,Emergency,2024-01-05 05:23:44,2024-07-04 19:39:26,2,"['intensive care', 'general care']",4,6,low,critical,RA143
H229,P768,Emergency,2024-06-30 19:53:42,2024-02-11 17:49:04,4,"['intensive care', 'pediatrics', 'anesthesia', 'surgery']",4,4,low,stable,RA486
H230,P148,ICU,2024-03-26 08:01:15,2024-06-23 02:58:49,4,"['anesthesia', 'intensive care', 'surgery', 'general care']",3,5,low,critical,RA422
H231,P569,ICU,2024-01-09 04:17:24,2024-06-28 08:42:16,2,"['intensive care', 'pediatrics']",4,2,low,stable,RA338
H232,P556,Surgery,2024-03-26 06:32:51,2024-04-13 05:47:17,2,"['pediatrics', 'surgery']",4,4,medium,stable,RA219
H233,P336,Pediatrics,2024-07-24 09:45:39,2024-07-30 08:23:31,3,"['anesthesia', 'intensive care', 'general care']",3,6,low,critical,RA212
H234,P719,Surgery,2024-08-01 06:17:02,2024-08-07 04:44:06,4,"['pediatrics', 'anesthesia', 'general care', 'surgery']",3,3,medium,critical,RA116
H235,P222,Pediatrics,2024-03-14 17:27:32,2024-03-02 11:56:44,2,"['pediatrics', 'general care']",4,1,medium,stable,RA248
H236,P57,Pediatrics,2024-03-30 12:47:18,2024-06-14 15:52:36,1,['pediatrics'],3,3,medium,stable,RA478
H237,P502,General,2024-04-09 06:39:54,2024-04-26 15:15:56,4,"['general care', 'anesthesia', 'surgery', 'pediatrics']",3,2,medium,critical,RA334
H238,P887,Emergency,2024-03-29 00:03:40,2024-06-08 22:57:40,4,"['pediatrics', 'intensive care', 'anesthesia', 'surgery']",3,5,high,critical,RA216
H239,P74,ICU,2024-05-22 04:08:02,2024-08-10 13:14:38,3,"['surgery', 'pediatrics', 'general care']",4,1,high,stable,RA498
H240,P282,General,2024-04-24 08:49:59,2024-07-02 12:49:59,1,['general care'],3,3,high,critical,RA412
H241,P137,General,2024-04-19 12:21:54,2024-05-03 06:14:54,1,['intensive care'],4,2,low,critical,RA87
H242,P39,Pediatrics,2024-06-02 10:56:03,2024-03-05 15:59:17,4,"['pediatrics', 'intensive care', 'general care', 'anesthesia']",4,4,low,stable,RA259
H243,P143,ICU,2024-03-10 03:58:21,2024-06-30 19:43:55,3,"['anesthesia', 'surgery', 'general care']",4,2,low,stable,RA183
H244,P408,ICU,2024-03-17 08:42:38,2024-04-27 17:50:08,1,['anesthesia'],4,4,medium,critical,RA121
H245,P795,Pediatrics,2024-05-13 01:01:14,2024-07-21 20:15:58,3,"['anesthesia', 'pediatrics', 'intensive care']",3,2,low,critical,RA31
H246,P438,Pediatrics,2024-06-12 10:19:06,2024-07-12 02:51:20,1,['surgery'],3,3,medium,critical,RA9
H247,P50,ICU,2024-01-08 20:04:35,2024-05-13 00:51:26,2,"['pediatrics', 'anesthesia']",3,6,low,critical,RA96
H248,P583,General,2024-01-01 16:48:09,2024-07-01 18:35:27,4,"['general care', 'surgery', 'intensive care', 'anesthesia']",3,1,high,stable,RA374
H249,P505,Emergency,2024-05-09 04:38:40,2024-04-22 04:50:35,4,"['general care', 'surgery', 'anesthesia', 'intensive care']",4,4,medium,stable,RA337
H250,P130,Surgery,2024-01-08 12:51:37,2024-07-20 06:15:46,2,"['anesthesia', 'surgery']",3,2,medium,stable,RA434
H251,P608,Emergency,2024-07-05 10:39:32,2024-05-14 21:29:12,3,"['intensive care', 'anesthesia', 'surgery']",5,2,high,stable,RA188
H252,P204,ICU,2024-04-24 05:12:38,2024-02-08 18:04:38,4,"['anesthesia', 'intensive care', 'pediatrics', 'general care']",4,2,high,critical,RA16
H253,P219,Emergency,2024-02-29 10:27:26,2024-04-10 00:34:54,4,"['general care', 'surgery', 'anesthesia', 'intensive care']",3,6,low,critical,RA88
H254,P78,Emergency,2024-02-24 07:46:41,2024-08-15 18:42:23,2,"['intensive care', 'anesthesia']",3,3,high,stable,RA474
H255,P491,General,2024-04-16 19:50:51,2024-04-29 11:05:13,3,"['pediatrics', 'anesthesia', 'general care']",4,1,medium,stable,RA87
H256,P64,Pediatrics,2024-08-16 01:46:49,2024-06-10 00:05:49,2,"['general care', 'intensive care']",4,4,low,critical,RA132
H257,P706,Pediatrics,2024-07-04 05:04:39,2024-06-09 01:03:54,2,"['surgery', 'anesthesia']",3,6,high,stable,RA162
H258,P305,General,2024-03-02 22:38:42,2024-05-13 10:45:51,3,"['anesthesia', 'pediatrics', 'general care']",4,6,low,stable,RA312
H259,P520,General,2024-05-20 10:47:40,2024-01-23 21:14:06,3,"['surgery', 'anesthesia', 'general care']",4,6,medium,critical,RA427
H260,P426,Emergency,2024-06-16 20:29:42,2024-02-01 07:15:05,2,"['anesthesia', 'surgery']",3,2,medium,stable,RA37
H261,P737,Surgery,2024-02-01 13:50:07,2024-05-13 20:01:14,3,"['general care', 'surgery', 'pediatrics']",3,4,high,stable,RA29
H262,P654,ICU,2024-03-19 03:43:49,2024-07-20 21:06:24,3,"['pediatrics', 'intensive care', 'general care']",4,5,low,stable,RA352
H263,P499,ICU,2024-08-24 07:55:29,2024-04-20 22:12:46,3,"['intensive care', 'pediatrics', 'general care']",3,6,medium,critical,RA398
H264,P471,Pediatrics,2024-04-21 19:15:07,2024-06-25 20:36:33,2,"['surgery', 'general care']",3,3,low,critical,RA73
H265,P559,General,2024-04-15 05:06:43,2024-07-03 22:58:01,3,"['intensive care', 'pediatrics', 'surgery']",4,6,medium,critical,RA454
H266,P466,Surgery,2024-04-24 05:40:39,2024-02-08 23:55:28,2,"['intensive care', 'anesthesia']",3,4,low,stable,RA405
H267,P901,Pediatrics,2024-03-01 07:38:20,2024-05-02 15:31:02,3,"['surgery', 'pediatrics', 'intensive care']",4,6,medium,critical,RA72
H268,P201,ICU,2024-01-02 21:27:39,2024-08-22 08:51:12,4,"['surgery', 'general care', 'intensive care', 'pediatrics']",4,4,low,critical,RA305
H269,P539,Pediatrics,2024-08-10 13:29:08,2024-03-15 20:18:29,3,"['surgery', 'intensive care', 'anesthesia']",4,3,high,stable,RA10
H270,P95,ICU,2024-08-17 11:59:54,2024-06-03 07:45:09,4,"['surgery', 'pediatrics', 'intensive care', 'anesthesia']",4,3,medium,critical,RA78
H271,P663,ICU,2024-05-09 22:14:04,2024-02-22 12:40:24,2,"['general care', 'surgery']",3,6,low,critical,RA271
H272,P830,Pediatrics,2024-01-19 13:20:32,2024-01-16 23:47:53,3,"['surgery', 'pediatrics', 'general care']",4,5,low,critical,RA52
H273,P287,General,2024-05-17 02:04:24,2024-07-19 11:14:23,2,"['anesthesia', 'surgery']",3,4,high,stable,RA392
H274,P25,Pediatrics,2024-01-07 07:19:15,2024-06-26 06:07:43,1,['pediatrics'],3,3,low,stable,RA209
H275,P345,ICU,2024-01-22 05:08:31,2024-03-12 07:55:40,3,"['general care', 'intensive care', 'surgery']",3,1,medium,critical,RA262
H276,P385,Emergency,2024-06-23 11:33:44,2024-04-19 20:00:16,3,"['surgery', 'general care', 'pediatrics']",4,5,low,stable,RA491
H277,P705,General,2024-07-21 00:18:37,2024-07-13 01:59:58,4,"['general care', 'anesthesia', 'pediatrics', 'surgery']",3,4,medium,critical,RA381
H278,P107,ICU,2024-04-14 20:21:44,2024-08-05 11:29:23,1,['general care'],3,4,high,critical,RA480
H279,P728,ICU,2024-05-27 19:34:08,2024-01-27 22:54:49,1,['pediatrics'],4,6,high,critical,RA322
H280,P858,General,2024-03-07 11:13:49,2024-03-30 10:52:09,1,['pediatrics'],4,6,low,stable,RA217
H281,P147,General,2024-06-12 20:50:51,2024-06-22 13:26:55,3,"['intensive care', 'pediatrics', 'anesthesia']",4,5,medium,critical,RA45
H282,P361,ICU,2024-07-28 05:22:23,2024-02-29 03:34:20,3,"['general care', 'surgery', 'intensive care']",3,3,medium,critical,RA479
H283,P712,Emergency,2024-05-02 03:21:27,2024-07-08 23:24:54,2,"['pediatrics', 'surgery']",4,5,high,critical,RA354
H284,P415,ICU,2024-02-02 16:57:33,2024-08-08 13:35:54,3,"['intensive care', 'pediatrics', 'surgery']",3,6,medium,critical,RA232
H285,P696,Emergency,2024-03-28 17:20:27,2024-04-20 07:16:56,3,"['general care', 'surgery', 'intensive care']",3,2,medium,critical,RA203
H286,P522,Pediatrics,2024-04-19 14:10:36,2024-08-14 09:04:38,2,"['pediatrics', 'intensive care']",3,4,medium,critical,RA81
H287,P279,General,2024-02-22 13:23:46,2024-02-29 17:32:41,3,"['intensive care', 'anesthesia', 'general care']",4,4,high,stable,RA401
H288,P493,General,2024-01-14 22:53:36,2024-07-05 02:47:40,2,"['intensive care', 'surgery']",5,3,high,stable,RA182
H289,P32,Surgery,2024-01-03 12:07:50,2024-07-24 16:46:38,2,"['general care', 'anesthesia']",4,5,medium,stable,RA437
H290,P265,Surgery,2024-06-24 18:02:14,2024-05-18 16:19:11,2,"['surgery', 'intensive care']",4,1,medium,stable,RA154
H291,P784,General,2024-08-09 20:23:45,2024-03-08 03:41:12,3,"['intensive care', 'surgery', 'anesthesia']",4,5,low,stable,RA129
H292,P85,Pediatrics,2024-05-30 22:18:45,2024-07-21 11:57:37,4,"['pediatrics', 'general care', 'surgery', 'anesthesia']",4,3,low,stable,RA141
H293,P615,General,2024-03-24 11:24:50,2024-04-24 07:50:17,4,"['pediatrics', 'general care', 'anesthesia', 'surgery']",3,6,medium,critical,RA142
H294,P680,Surgery,2024-05-05 08:59:30,2024-01-15 16:51:42,4,"['intensive care', 'surgery', 'anesthesia', 'pediatrics']",3,3,medium,stable,RA44
H295,P942,General,2024-07-02 05:24:53,2024-05-04 06:23:48,2,"['pediatrics', 'intensive care']",3,6,low,critical,RA486
H296,P409,Pediatrics,2024-05-25 03:54:43,2024-08-17 09:06:13,2,"['anesthesia', 'pediatrics']",3,1,high,stable,RA287
H297,P715,Emergency,2024-08-05 17:24:58,2024-01-10 13:03:34,3,"['general care', 'pediatrics', 'surgery']",4,4,low,stable,RA178
H298,P328,Surgery,2024-01-24 15:09:10,2024-03-29 01:54:30,4,"['anesthesia', 'surgery', 'general care', 'pediatrics']",3,4,medium,stable,RA376
H299,P860,Emergency,2024-08-06 01:10:30,2024-04-23 07:09:30,1,['general care'],3,3,medium,stable,RA354
H300,P498,General,2024-06-25 01:57:04,2024-04-01 14:09:20,1,['general care'],4,3,low,stable,RA231
